temperature,humidity,co2_ppm,motion_level,power_kw,occupancy_count,vibration_level,network_latency_ms,packet_loss_percent,battery_level,building_state,is_anomaly,cluster,agg_cluster
22.79,41.33,1205.7,0.999,71.2,141,0.089,23.47,0.266,57.67,event_high_load,0,1,2
19.41,49.13,500.6,0.078,12.77,3,0.082,31.18,0.339,100.0,night_low_load,0,4,1
22.84,46.27,503.1,0.045,22.42,5,0.166,25.44,0.492,90.38,night_low_load,0,4,1
19.53,44.94,841.6,0.883,78.9,104,0.147,48.26,0.184,51.4,working_load,0,1,2
20.89,39.23,914.0,0.484,63.35,84,0.071,39.6,0.356,93.41,working_load,0,1,2
20.49,41.71,1085.5,0.609,59.83,86,0.131,36.32,0.223,76.84,working_load,0,1,2
-3.66,3.46,467.3,0.067,18.9,11,0.192,34.75,0.406,87.36,anomaly_sensor_failure,1,6,6
19.86,46.3,486.8,0.159,17.08,7,0.057,32.67,0.195,100.0,night_low_load,0,4,1
20.3,46.72,473.1,0.213,29.3,53,0.181,38.57,0.478,88.09,evening_medium_load,0,4,1
23.96,50.13,505.4,0.211,25.99,48,0.077,24.08,0.265,76.9,evening_medium_load,0,4,1
20.71,48.81,470.9,0.061,18.72,10,0.103,36.02,0.156,57.98,night_low_load,0,4,1
22.84,49.57,455.6,0.087,19.21,14,0.127,188.67,7.774,79.5,anomaly_network_problem,1,2,5
22.41,48.08,447.7,0.054,21.99,17,0.055,46.81,0.23,89.86,night_low_load,0,4,1
21.78,41.79,940.0,0.609,55.19,51,0.179,43.19,0.076,100.0,working_load,0,1,2
21.44,45.43,1136.5,0.953,85.67,151,0.126,143.26,0.627,3.1,anomaly_battery_critical,1,0,4
24.88,43.91,593.7,0.252,36.19,18,0.162,20.73,0.01,49.17,evening_medium_load,0,4,1
20.51,40.14,678.9,0.315,35.12,39,0.191,23.61,0.023,74.21,evening_medium_load,0,4,1
22.58,41.44,737.7,0.601,50.06,110,0.11,39.83,0.361,71.3,working_load,0,1,2
20.36,38.28,777.9,0.617,55.62,83,0.111,16.92,0.129,62.45,working_load,0,1,2
20.29,35.11,1084.2,0.53,55.52,94,0.112,38.37,0.322,82.86,working_load,0,1,2
23.08,52.2,2654.2,0.803,99.89,167,0.156,34.64,0.306,69.7,anomaly_co2_peak,1,5,0
22.63,44.27,1090.2,0.507,56.66,90,0.144,27.39,0.087,82.41,working_load,0,1,2
22.03,38.83,1191.6,0.949,64.05,124,0.126,32.45,0.084,67.46,event_high_load,0,1,2
23.44,32.87,1063.1,0.744,51.67,110,0.057,22.72,0.049,74.17,working_load,0,1,2
23.69,41.44,624.0,0.319,38.17,42,0.152,45.16,0.124,71.02,evening_medium_load,0,4,1
22.38,47.21,485.7,0.056,16.05,0,0.109,20.48,0.018,66.66,night_low_load,0,4,1
23.85,36.7,381.1,0.097,18.58,6,0.08,38.2,0.489,85.72,night_low_load,0,4,1
22.62,42.75,472.7,0.046,17.03,17,0.055,14.77,0.319,67.2,night_low_load,0,4,1
20.95,30.31,457.7,0.686,60.17,91,0.139,24.13,0.225,77.24,working_load,0,1,2
22.75,46.53,928.9,0.667,66.84,112,0.141,24.79,0.153,88.59,working_load,0,1,2
23.05,42.31,960.6,0.593,52.86,71,0.078,29.48,0.207,87.04,working_load,0,1,2
22.12,38.62,882.1,0.673,73.68,75,0.142,30.96,0.347,77.41,working_load,0,1,2
21.91,44.44,925.2,0.629,42.93,50,0.101,25.06,0.369,75.76,working_load,0,1,2
23.49,51.77,519.6,0.093,14.95,4,0.124,35.1,0.325,58.44,night_low_load,0,4,1
22.35,42.52,496.2,0.157,25.87,10,0.087,27.02,0.72,61.38,night_low_load,0,4,1
18.91,52.78,480.4,0.07,18.53,11,0.155,23.26,0.198,66.52,night_low_load,0,4,1
20.41,48.54,436.3,0.09,18.66,2,0.088,21.3,0.132,51.82,night_low_load,0,4,1
25.63,41.55,559.7,0.334,44.93,48,0.169,23.21,0.381,75.77,evening_medium_load,0,4,1
20.53,46.08,486.3,0.062,19.21,17,0.026,27.95,0.305,100.0,night_low_load,0,4,1
23.08,37.78,502.5,0.088,14.29,7,0.135,21.73,0.678,90.03,night_low_load,0,4,1
21.1,35.74,515.9,0.009,15.77,8,0.135,27.8,0.63,78.23,night_low_load,0,4,1
20.72,31.4,525.1,0.064,16.31,9,0.119,28.98,0.389,89.36,night_low_load,0,4,1
23.89,50.51,1049.9,0.688,39.17,64,0.074,30.91,0.261,77.99,working_load,0,1,2
21.65,43.06,903.7,0.714,74.25,121,0.052,39.14,0.172,86.03,working_load,0,1,2
19.93,35.06,727.6,0.778,63.87,90,0.159,34.84,0.283,52.56,working_load,0,1,2
22.36,43.17,492.3,0.081,14.26,0,0.122,38.87,0.568,74.37,night_low_load,0,4,1
22.84,42.82,904.9,0.545,57.12,67,0.137,20.3,0.205,75.07,working_load,0,1,2
22.0,44.47,441.9,0.043,8.83,3,0.144,18.89,0.174,70.89,night_low_load,0,4,1
21.64,55.35,942.5,0.809,71.49,76,0.173,28.53,0.264,97.11,working_load,0,1,2
22.47,50.55,917.7,0.504,65.75,66,0.082,21.18,0.408,70.63,working_load,0,1,2
19.91,46.28,973.7,0.873,75.64,126,0.104,22.41,0.12,88.93,working_load,0,1,2
20.17,44.05,948.2,0.517,64.82,100,0.128,17.52,0.329,82.81,working_load,0,1,2
21.02,46.79,450.9,0.071,17.71,7,0.094,32.06,0.095,80.26,night_low_load,0,4,1
22.99,48.79,578.0,0.245,43.96,27,0.064,39.21,0.224,100.0,evening_medium_load,0,4,1
24.78,43.84,867.1,0.561,51.06,94,0.117,37.95,0.045,72.66,working_load,0,1,2
22.59,51.84,1005.2,0.877,152.77,165,0.574,27.73,0.206,72.19,anomaly_power_surge,1,3,3
22.55,35.39,822.9,0.765,72.33,117,0.125,40.54,0.164,96.24,working_load,0,1,2
22.44,54.66,912.9,0.879,60.46,86,0.098,45.76,0.067,87.0,working_load,0,1,2
23.35,33.21,1257.0,0.8,66.43,222,0.083,192.61,0.147,3.2,anomaly_battery_critical,1,0,4
24.36,55.37,2026.2,0.992,76.9,170,0.134,21.33,0.258,73.89,anomaly_co2_peak,1,5,0
22.47,47.78,998.9,0.722,116.28,100,0.618,36.04,0.327,65.03,anomaly_power_surge,1,3,3
23.1,47.86,1076.0,0.712,62.91,120,0.129,38.08,0.225,100.0,working_load,0,1,2
24.04,48.81,958.3,0.594,56.15,103,0.134,25.49,0.027,88.05,working_load,0,1,2
43.64,94.81,1283.3,0.845,64.93,147,0.095,27.12,0.221,82.67,anomaly_sensor_failure,1,5,0
22.69,54.34,483.9,0.081,15.78,8,0.103,37.22,0.113,94.66,night_low_load,0,4,1
23.43,41.23,1117.0,0.778,101.97,140,0.169,44.85,0.03,71.32,event_high_load,0,1,2
18.61,47.66,449.7,0.11,16.67,6,0.123,17.45,0.216,66.72,night_low_load,0,4,1
22.36,41.69,957.3,1.0,75.62,149,0.102,42.64,0.2,64.16,event_high_load,0,1,2
21.14,47.51,757.3,0.762,46.73,81,0.172,23.57,0.233,77.34,working_load,0,1,2
22.95,44.11,1124.5,0.891,95.81,154,0.072,47.86,0.42,61.11,event_high_load,0,1,2
21.68,39.8,712.1,0.344,31.44,43,0.17,37.84,0.196,62.21,evening_medium_load,0,4,1
23.01,40.93,605.7,0.491,39.0,36,0.113,257.12,14.914,72.75,anomaly_network_problem,1,2,5
23.04,54.45,1050.0,0.522,65.69,103,0.04,45.45,0.432,55.53,working_load,0,1,2
23.55,43.2,619.4,0.326,37.3,48,0.067,31.6,0.658,89.79,evening_medium_load,0,4,1
24.41,47.88,838.8,0.733,50.77,81,0.114,25.0,0.206,64.22,working_load,0,1,2
25.43,50.1,2419.9,0.163,39.0,56,0.1,45.91,0.49,74.16,anomaly_co2_peak,1,5,0
20.97,43.72,696.5,0.371,37.84,62,0.012,33.92,0.238,93.77,evening_medium_load,0,4,1
21.98,52.18,498.6,0.057,12.74,16,0.09,34.84,0.305,93.49,night_low_load,0,4,1
21.1,54.92,401.4,0.108,4.0,4,0.132,166.57,0.233,5.66,anomaly_battery_critical,1,0,4
22.9,41.4,795.1,0.572,65.87,67,0.129,24.16,0.339,77.42,working_load,0,1,2
23.66,33.93,1127.1,0.883,87.97,180,0.181,38.15,0.558,73.6,event_high_load,0,1,2
23.18,40.78,887.8,0.83,60.75,77,0.088,47.1,0.102,65.95,working_load,0,1,2
20.02,46.77,1084.4,0.889,87.9,165,0.133,23.2,0.333,64.59,event_high_load,0,1,2
19.95,36.86,949.7,0.572,54.53,118,0.103,31.49,0.052,76.8,working_load,0,1,2
21.76,40.51,478.0,0.081,15.53,8,0.113,52.29,0.097,60.39,night_low_load,0,4,1
22.32,52.48,596.0,0.328,25.37,42,0.095,30.06,0.561,76.26,evening_medium_load,0,4,1
23.13,46.4,468.5,0.051,19.94,9,0.166,27.43,0.115,66.79,night_low_load,0,4,1
20.98,52.01,429.5,0.12,17.17,7,0.08,27.58,0.406,81.89,night_low_load,0,4,1
22.15,38.8,457.2,0.056,21.55,10,0.087,32.22,0.439,81.12,night_low_load,0,4,1
22.51,42.68,818.1,0.736,66.97,90,0.137,37.02,0.101,79.68,working_load,0,1,2
22.05,42.07,687.0,0.76,53.0,109,0.128,23.12,0.114,65.59,working_load,0,1,2
19.22,36.57,534.1,0.008,14.12,9,0.099,33.29,0.34,78.52,night_low_load,0,4,1
21.11,49.04,865.9,0.766,70.49,84,0.147,54.92,0.115,87.05,working_load,0,1,2
20.99,42.95,769.4,0.209,35.64,58,0.114,48.45,0.445,81.97,evening_medium_load,0,4,1
25.74,39.5,454.7,0.094,15.14,14,0.203,41.27,0.307,54.86,night_low_load,0,4,1
22.3,36.05,986.1,0.641,42.66,96,0.115,39.92,0.207,66.63,working_load,0,1,2
23.03,35.6,581.2,0.257,33.14,40,0.167,35.33,0.207,85.7,evening_medium_load,0,4,1
22.9,34.81,914.7,0.979,62.28,99,0.132,38.41,0.024,69.97,working_load,0,1,2
23.72,40.59,460.9,0.114,15.26,12,0.138,28.21,0.238,79.25,night_low_load,0,4,1
24.79,52.38,910.5,0.602,71.74,111,0.111,20.19,0.099,99.8,working_load,0,1,2
21.29,50.81,843.1,0.784,49.71,62,0.067,41.07,0.649,77.09,working_load,0,1,2
22.95,46.06,863.4,0.574,66.24,123,0.145,193.39,15.632,64.01,anomaly_network_problem,1,2,5
21.44,42.09,873.8,0.778,44.61,76,0.107,27.85,0.009,95.75,working_load,0,1,2
21.73,29.64,457.4,0.114,24.53,1,0.152,43.1,0.588,76.78,night_low_load,0,4,1
19.79,44.42,783.4,0.515,40.13,72,0.082,162.73,0.445,3.16,anomaly_battery_critical,1,0,4
23.95,39.99,700.3,0.513,42.13,109,0.122,29.03,0.184,56.13,working_load,0,1,2
21.71,41.64,710.7,0.734,71.39,128,0.115,34.13,0.274,64.67,working_load,0,1,2
21.58,49.22,513.7,0.038,13.4,6,0.115,36.79,0.219,76.18,night_low_load,0,4,1
22.11,57.02,620.3,0.466,41.64,39,0.152,19.8,0.195,98.1,evening_medium_load,0,4,1
19.92,54.6,899.1,0.63,48.95,113,0.15,24.64,0.291,64.56,working_load,0,1,2
22.78,45.09,470.0,0.128,13.98,8,0.151,37.61,0.067,95.13,night_low_load,0,4,1
25.46,41.08,617.2,0.395,29.1,22,0.158,31.24,0.179,86.57,evening_medium_load,0,4,1
23.89,39.99,830.6,0.451,61.02,94,0.062,42.31,0.26,84.53,working_load,0,1,2
0.16,92.52,834.6,0.63,72.19,82,0.146,38.43,0.021,79.93,anomaly_sensor_failure,1,1,2
24.01,44.82,624.2,0.395,29.21,54,0.107,28.76,0.264,65.34,evening_medium_load,0,4,1
21.47,37.04,1069.7,0.564,70.18,82,0.158,27.58,0.123,62.87,working_load,0,1,2
23.69,47.91,889.6,0.66,74.95,114,0.114,24.55,0.423,94.01,working_load,0,1,2
22.11,53.55,457.6,0.099,13.35,6,0.151,37.26,0.13,70.59,night_low_load,0,4,1
21.42,38.53,617.9,0.245,37.54,28,0.086,43.21,0.318,84.86,evening_medium_load,0,4,1
23.76,40.1,380.0,0.054,16.49,1,0.095,34.94,0.392,73.37,night_low_load,0,4,1
21.56,46.3,625.0,0.33,30.0,24,0.127,17.41,0.268,67.3,evening_medium_load,0,4,1
22.39,43.9,803.4,0.551,46.81,74,0.149,27.26,0.084,86.91,working_load,0,1,2
23.29,49.29,924.3,0.823,62.03,117,0.058,16.52,0.243,90.42,working_load,0,1,2
21.59,54.61,783.6,0.606,36.58,119,0.097,41.3,0.22,67.71,working_load,0,1,2
20.87,60.74,842.7,0.549,56.99,89,0.192,27.92,0.25,85.83,working_load,0,1,2
18.56,45.09,427.6,0.034,17.04,9,0.074,39.71,0.142,89.12,night_low_load,0,4,1
21.0,53.63,1129.6,0.512,64.54,101,0.096,19.84,0.094,81.08,working_load,0,1,2
22.48,45.41,521.5,0.316,36.91,43,0.085,17.97,0.458,95.16,evening_medium_load,0,4,1
22.09,46.35,799.3,0.675,53.7,83,0.085,27.83,0.324,65.52,working_load,0,1,2
22.3,49.87,825.3,0.528,63.13,95,0.078,18.69,0.293,75.54,working_load,0,1,2
23.51,38.86,490.3,0.036,18.94,5,0.04,40.22,0.533,95.61,night_low_load,0,4,1
19.83,31.78,852.0,0.707,58.84,55,0.164,33.0,0.324,99.02,working_load,0,1,2
20.08,42.36,1025.8,0.769,67.32,89,0.076,34.84,0.466,59.32,working_load,0,1,2
21.61,44.27,745.8,0.65,61.59,99,0.121,12.89,0.289,74.37,working_load,0,1,2
21.62,37.96,424.1,0.054,18.04,10,0.092,32.11,0.151,82.25,night_low_load,0,4,1
20.38,39.74,946.2,0.683,52.0,98,0.171,44.94,0.249,88.53,working_load,0,1,2
23.24,45.34,885.0,0.942,56.98,81,0.127,35.9,0.215,87.54,working_load,0,1,2
23.09,37.85,693.7,0.577,74.53,118,0.141,46.8,0.223,77.3,working_load,0,1,2
24.41,48.69,770.9,0.726,58.6,95,0.129,33.82,0.314,63.57,working_load,0,1,2
23.42,43.09,751.5,0.615,60.75,88,0.16,30.74,0.311,96.89,working_load,0,1,2
23.34,36.54,547.4,0.562,76.91,121,0.115,18.75,0.396,73.95,working_load,0,1,2
25.64,57.43,2409.2,0.817,55.82,128,0.198,30.26,0.384,71.8,anomaly_co2_peak,1,5,0
20.17,45.39,1223.9,0.969,88.26,169,0.122,47.68,0.075,64.44,event_high_load,0,1,2
23.11,39.42,2279.5,0.81,76.9,154,0.11,27.16,0.054,70.76,anomaly_co2_peak,1,5,0
21.5,51.55,584.1,0.373,27.63,42,0.133,40.52,0.387,83.72,evening_medium_load,0,4,1
23.1,58.72,889.1,0.532,52.24,72,0.128,9.66,0.239,84.64,working_load,0,1,2
21.09,44.82,1025.2,0.827,91.38,165,0.166,40.14,0.386,62.57,event_high_load,0,1,2
22.3,47.24,708.2,0.549,53.33,120,0.094,29.76,0.167,92.36,working_load,0,1,2
24.5,44.41,438.3,0.113,15.06,8,0.094,29.45,0.071,74.45,night_low_load,0,4,1
19.96,51.46,693.7,0.571,60.93,92,0.163,27.12,0.23,82.16,working_load,0,1,2
22.34,58.72,832.2,0.664,38.38,114,0.119,25.79,0.169,78.52,working_load,0,1,2
22.85,27.52,465.7,0.069,22.66,5,0.13,27.93,0.068,85.67,night_low_load,0,4,1
20.86,43.88,983.5,0.568,59.86,82,0.15,23.7,0.22,57.71,working_load,0,1,2
22.37,46.53,670.0,0.588,67.47,137,0.103,32.0,0.352,99.68,working_load,0,1,2
20.25,45.53,599.5,0.244,43.6,19,0.107,24.79,0.51,89.35,evening_medium_load,0,4,1
23.7,48.75,833.9,0.814,64.79,119,0.12,28.74,0.029,93.94,working_load,0,1,2
21.25,36.65,822.7,0.811,32.38,92,0.139,53.85,0.166,83.81,working_load,0,1,2
21.16,46.84,727.3,0.466,45.13,116,0.165,47.21,0.498,78.91,working_load,0,1,2
23.09,45.54,444.1,0.152,17.98,13,0.072,29.81,0.117,64.12,night_low_load,0,4,1
23.18,50.02,906.7,0.729,62.84,67,0.123,25.31,0.434,45.59,working_load,0,1,2
21.19,50.27,819.9,0.631,47.53,86,0.16,15.29,0.576,78.85,working_load,0,1,2
21.84,41.12,456.5,0.062,13.77,4,0.147,37.81,0.311,83.26,night_low_load,0,4,1
21.47,44.18,2177.3,0.46,27.06,48,0.073,32.17,0.262,82.3,anomaly_co2_peak,1,5,0
25.51,39.2,751.2,0.661,49.64,116,0.115,34.85,0.268,70.34,working_load,0,1,2
24.41,45.76,604.5,0.428,40.66,65,0.169,34.34,0.336,64.18,evening_medium_load,0,4,1
21.48,49.55,732.5,0.481,42.94,38,0.155,18.89,0.706,70.04,evening_medium_load,0,4,1
22.42,48.41,461.0,0.073,16.06,0,0.119,19.16,0.462,77.73,night_low_load,0,4,1
22.52,53.87,449.2,0.096,16.96,11,0.02,33.95,0.547,88.42,night_low_load,0,4,1
24.08,55.18,444.7,0.114,19.49,7,0.12,42.61,0.396,80.42,night_low_load,0,4,1
21.99,32.01,444.9,0.078,19.55,0,0.121,40.35,0.158,91.36,night_low_load,0,4,1
20.19,43.39,996.7,0.58,69.33,131,0.104,32.09,0.416,70.77,working_load,0,1,2
24.62,48.7,714.0,0.462,34.92,47,0.148,43.0,0.376,68.2,evening_medium_load,0,4,1
24.41,42.81,877.7,0.708,73.07,129,0.139,14.39,0.034,73.82,working_load,0,1,2
22.57,49.73,536.9,0.506,33.36,62,0.141,51.29,0.287,63.94,evening_medium_load,0,4,1
19.67,54.58,1128.0,0.779,89.68,141,0.144,48.76,0.282,80.44,event_high_load,0,1,2
21.38,42.2,756.4,0.526,65.72,97,0.193,12.2,0.132,98.65,working_load,0,1,2
21.93,40.89,483.2,0.093,21.55,15,0.138,37.58,0.179,61.92,night_low_load,0,4,1
21.4,47.59,625.5,0.383,28.31,58,0.152,34.66,0.171,91.62,evening_medium_load,0,4,1
22.7,46.63,1012.3,0.9,88.57,160,0.145,30.83,0.537,100.0,event_high_load,0,1,2
22.02,30.71,560.0,0.227,41.17,43,0.116,26.12,0.322,51.74,evening_medium_load,0,4,1
21.98,52.06,468.2,0.05,12.66,0,0.147,32.47,0.08,91.52,night_low_load,0,4,1
24.06,42.0,467.4,0.045,13.25,6,0.075,20.83,0.532,80.83,night_low_load,0,4,1
21.82,52.68,864.8,0.49,62.59,92,0.124,17.31,0.07,86.05,working_load,0,1,2
21.89,42.4,430.0,0.105,13.91,8,0.136,28.98,0.686,74.35,night_low_load,0,4,1
22.31,40.39,788.3,0.489,69.24,139,0.187,40.93,0.111,90.63,working_load,0,1,2
19.71,41.8,480.3,0.094,15.8,13,0.082,30.91,0.368,77.67,night_low_load,0,4,1
23.2,41.58,504.8,0.084,20.71,8,0.108,41.55,0.297,49.54,night_low_load,0,4,1
20.96,37.71,895.7,0.969,62.61,63,0.229,53.11,0.288,74.28,working_load,0,1,2
23.37,46.68,443.7,0.1,17.17,11,0.04,25.51,0.11,72.5,night_low_load,0,4,1
23.05,35.76,476.5,0.074,17.51,6,0.106,26.92,0.163,78.48,night_low_load,0,4,1
22.12,56.03,493.9,0.111,22.4,9,0.114,36.73,0.014,58.0,night_low_load,0,4,1
18.18,49.03,650.4,0.347,39.92,42,0.134,43.31,0.524,66.43,evening_medium_load,0,4,1
20.35,31.09,1283.5,0.737,59.32,128,0.104,15.18,0.461,69.05,event_high_load,0,1,2
23.41,41.02,790.8,0.552,49.76,80,0.095,14.24,0.219,68.8,working_load,0,1,2
23.42,36.93,747.2,0.375,35.65,51,0.151,37.61,0.355,100.0,evening_medium_load,0,4,1
20.47,48.75,653.1,0.356,38.4,19,0.155,24.77,0.585,67.49,evening_medium_load,0,4,1
21.7,48.63,731.2,0.613,53.9,72,0.119,26.83,0.061,100.0,working_load,0,1,2
21.59,43.73,1048.7,1.0,98.24,152,0.163,251.31,13.032,90.2,anomaly_network_problem,1,2,5
22.51,46.65,542.4,0.266,33.15,41,0.109,24.95,0.052,79.49,evening_medium_load,0,4,1
22.94,42.58,803.7,0.927,61.47,100,0.146,35.04,0.267,79.0,working_load,0,1,2
21.61,48.07,843.5,0.748,66.87,76,0.183,31.98,0.657,95.14,working_load,0,1,2
24.17,42.16,879.3,0.548,48.76,97,0.088,28.53,0.319,69.43,working_load,0,1,2
21.05,49.79,488.7,0.141,14.02,6,0.062,40.56,0.221,66.96,night_low_load,0,4,1
21.69,55.54,787.8,0.698,66.43,86,0.064,28.92,0.44,95.27,working_load,0,1,2
20.45,46.63,875.3,0.648,53.67,122,0.135,22.43,0.293,92.73,working_load,0,1,2
22.58,56.06,461.5,0.074,16.99,4,0.193,17.05,0.335,90.69,night_low_load,0,4,1
21.81,36.7,495.3,0.044,19.99,8,0.17,42.97,0.181,97.57,night_low_load,0,4,1
22.7,44.32,807.4,0.695,50.88,70,0.123,29.79,0.058,79.41,working_load,0,1,2
22.2,45.81,1020.7,0.538,58.54,99,0.124,26.13,0.348,84.39,working_load,0,1,2
21.64,52.0,944.2,0.839,65.97,96,0.108,32.62,0.233,66.74,working_load,0,1,2
22.12,38.83,580.5,0.27,28.41,34,0.081,38.48,0.162,86.94,evening_medium_load,0,4,1
21.82,46.38,772.9,0.195,29.28,49,0.096,32.51,0.38,97.44,evening_medium_load,0,4,1
21.14,31.41,901.8,0.66,62.49,78,0.237,32.46,0.383,99.47,working_load,0,1,2
23.12,44.1,453.8,0.07,17.67,15,0.15,45.15,0.292,89.18,night_low_load,0,4,1
20.92,41.14,1002.3,0.813,65.34,71,0.069,48.53,0.163,77.51,working_load,0,1,2
22.26,55.04,625.9,0.275,38.42,42,0.126,32.35,0.232,86.02,evening_medium_load,0,4,1
19.26,27.62,622.9,0.343,30.07,29,0.109,39.66,0.094,81.29,evening_medium_load,0,4,1
22.64,39.84,640.4,0.462,32.27,54,0.161,155.54,0.345,5.34,anomaly_battery_critical,1,0,4
20.91,38.03,520.4,0.08,12.56,3,0.065,37.02,0.302,67.54,night_low_load,0,4,1
20.43,49.96,938.7,0.527,59.91,129,0.134,37.71,0.273,61.94,working_load,0,1,2
22.23,45.14,871.0,0.783,68.27,80,0.093,21.3,0.277,96.34,working_load,0,1,2
20.52,53.0,884.8,0.586,71.76,149,0.169,45.51,0.309,78.46,working_load,0,1,2
23.02,47.4,466.4,0.0,9.91,0,0.177,44.17,0.514,62.48,night_low_load,0,4,1
18.6,45.47,921.6,0.486,64.21,108,0.029,34.73,0.025,83.44,working_load,0,1,2
23.31,50.26,884.8,0.871,59.12,124,0.104,33.25,0.047,67.03,working_load,0,1,2
51.21,6.5,1157.7,0.924,121.57,184,0.12,29.07,0.419,65.65,anomaly_sensor_failure,1,5,0
21.38,56.4,1026.3,0.582,53.33,88,0.143,27.32,0.314,78.69,working_load,0,1,2
20.57,55.04,560.2,0.379,35.47,44,0.079,29.93,0.272,80.41,evening_medium_load,0,4,1
22.14,44.68,733.1,0.133,30.72,38,0.144,35.3,0.303,63.5,evening_medium_load,0,4,1
22.49,37.33,964.2,0.494,49.25,30,0.099,50.73,0.349,100.0,working_load,0,1,2
22.52,45.73,814.4,0.658,49.14,111,0.119,30.0,0.341,83.31,working_load,0,1,2
24.04,36.68,471.9,0.13,17.64,10,0.166,24.44,0.337,100.0,night_low_load,0,4,1
22.93,56.73,833.7,0.686,54.81,108,0.148,21.83,0.063,78.84,working_load,0,1,2
19.69,42.9,830.4,0.678,59.43,119,0.129,25.4,0.627,73.3,working_load,0,1,2
22.23,37.68,848.1,0.761,43.75,118,0.169,32.15,0.197,55.41,working_load,0,1,2
22.71,52.67,1063.0,0.863,85.57,132,0.181,47.34,0.205,71.5,event_high_load,0,1,2
24.66,48.03,1119.3,1.0,90.92,130,0.15,18.47,0.443,77.76,event_high_load,0,1,2
21.71,48.12,811.2,0.56,43.48,124,0.161,43.55,0.359,69.25,working_load,0,1,2
20.98,41.44,837.4,0.928,56.03,107,0.177,32.82,0.219,61.65,working_load,0,1,2
22.25,40.95,719.2,0.474,63.87,92,0.104,32.62,0.354,63.79,working_load,0,1,2
24.37,43.55,988.5,0.746,56.55,56,0.126,10.78,0.002,85.09,working_load,0,1,2
24.64,34.15,436.1,0.064,21.8,7,0.077,32.17,0.192,82.89,night_low_load,0,4,1
23.37,46.37,585.2,0.287,42.54,43,0.11,27.57,0.269,74.13,evening_medium_load,0,4,1
23.2,46.56,873.7,0.755,49.89,124,0.173,31.83,0.317,83.58,working_load,0,1,2
24.32,56.59,922.3,0.566,54.25,88,0.189,43.12,0.145,90.2,working_load,0,1,2
23.0,49.99,854.3,0.692,57.11,97,0.095,28.29,0.417,97.09,working_load,0,1,2
22.34,42.96,994.8,0.604,62.86,105,0.095,40.27,0.319,64.17,working_load,0,1,2
21.81,51.68,955.2,0.659,61.32,68,0.12,24.22,0.082,68.58,working_load,0,1,2
21.44,50.79,446.1,0.09,19.03,8,0.133,22.15,0.284,88.89,night_low_load,0,4,1
21.3,51.09,897.3,0.514,61.09,95,0.136,20.3,0.226,80.67,working_load,0,1,2
22.96,47.51,1031.7,0.919,64.69,169,0.025,23.74,0.097,100.0,event_high_load,0,1,2
25.88,39.19,1932.6,0.345,28.24,59,0.097,20.12,0.546,73.36,anomaly_co2_peak,1,5,0
20.91,48.19,833.8,0.579,65.79,140,0.127,34.75,0.272,77.92,working_load,0,1,2
22.22,40.67,475.7,0.099,18.7,15,0.167,43.78,0.415,67.04,night_low_load,0,4,1
21.58,47.21,543.6,0.172,30.08,34,0.137,220.64,0.398,6.25,anomaly_battery_critical,1,0,4
21.87,41.79,418.4,0.084,18.12,6,0.199,26.65,0.428,87.03,night_low_load,0,4,1
23.53,45.47,1307.5,0.898,78.65,156,0.133,51.2,0.624,55.95,event_high_load,0,1,2
19.85,52.82,445.3,0.072,20.62,9,0.14,29.21,0.296,87.15,night_low_load,0,4,1
21.97,49.96,867.7,0.763,57.4,109,0.058,32.9,0.069,72.59,working_load,0,1,2
22.5,53.0,550.1,0.383,29.88,42,0.021,43.2,0.274,86.44,evening_medium_load,0,4,1
22.21,41.84,1167.8,0.869,93.8,167,0.135,40.81,0.187,61.61,event_high_load,0,1,2
24.78,37.12,690.3,0.413,46.74,48,0.134,17.13,0.564,87.55,evening_medium_load,0,4,1
23.07,57.26,922.1,0.632,60.72,76,0.147,37.56,0.491,94.48,working_load,0,1,2
22.86,62.95,448.6,0.123,18.53,6,0.147,19.53,0.245,97.59,night_low_load,0,4,1
21.52,52.83,544.1,0.388,31.61,48,0.133,33.05,0.262,76.88,evening_medium_load,0,4,1
23.1,54.48,797.8,0.79,59.2,51,0.116,30.67,0.221,100.0,working_load,0,1,2
22.14,54.89,906.6,0.55,64.41,67,0.193,37.22,0.408,52.66,working_load,0,1,2
23.3,52.21,842.4,0.609,60.93,157,0.125,29.09,0.158,90.25,working_load,0,1,2
24.23,49.94,591.5,0.422,42.12,50,0.064,34.54,0.294,69.26,evening_medium_load,0,4,1
23.23,53.86,946.7,0.789,73.93,112,0.094,52.08,0.151,70.22,working_load,0,1,2
25.89,49.59,2262.5,0.057,20.74,13,0.136,46.93,0.125,69.18,anomaly_co2_peak,1,5,0
24.35,42.24,870.7,0.834,69.33,76,0.146,25.93,0.147,67.24,working_load,0,1,2
23.1,47.07,785.7,0.701,41.79,132,0.132,32.49,0.488,82.65,working_load,0,1,2
20.57,50.81,698.3,0.925,93.22,123,0.104,34.0,0.01,75.48,event_high_load,0,1,2
19.86,38.0,535.6,0.052,20.8,9,0.096,53.42,0.143,93.84,night_low_load,0,4,1
24.05,51.16,849.5,0.713,55.75,84,0.101,28.2,0.262,83.06,working_load,0,1,2
23.38,57.6,761.0,0.611,49.57,58,0.189,39.26,0.329,47.62,working_load,0,1,2
19.55,50.33,450.5,0.089,12.71,5,0.137,27.0,0.088,74.22,night_low_load,0,4,1
22.85,34.34,829.3,0.783,54.65,105,0.164,27.23,0.187,75.15,working_load,0,1,2
21.59,45.18,399.5,0.0,9.81,11,0.168,32.45,0.346,76.51,night_low_load,0,4,1
21.07,43.4,836.1,0.769,48.3,103,0.09,29.19,0.8,50.28,working_load,0,1,2
23.58,48.81,483.4,0.31,153.27,37,0.538,38.84,0.237,66.14,anomaly_power_surge,1,3,3
21.19,39.74,1042.8,0.889,79.61,140,0.082,226.26,11.304,85.26,anomaly_network_problem,1,2,5
22.32,49.46,439.5,0.079,18.55,6,0.174,35.71,0.092,80.52,night_low_load,0,4,1
24.81,60.61,663.0,0.731,48.01,96,0.214,35.85,0.333,64.16,working_load,0,1,2
21.71,49.65,845.7,0.693,52.54,79,0.139,46.12,0.125,89.92,working_load,0,1,2
22.98,44.89,722.6,0.606,45.73,62,0.088,49.13,0.183,83.87,working_load,0,1,2
21.61,33.24,783.0,0.686,48.85,54,0.14,31.09,0.362,86.6,working_load,0,1,2
20.33,46.32,488.1,0.058,11.38,6,0.114,34.76,0.009,100.0,night_low_load,0,4,1
20.47,48.64,831.7,0.745,60.69,115,0.085,32.27,0.29,90.24,working_load,0,1,2
22.87,46.36,1192.2,0.77,71.77,128,0.155,35.43,0.068,82.25,event_high_load,0,1,2
22.98,62.55,962.2,0.963,90.94,135,0.145,29.61,0.143,64.11,event_high_load,0,1,2
18.68,63.3,467.6,0.07,17.2,11,0.077,43.17,0.363,73.8,night_low_load,0,4,1
22.33,44.65,752.6,0.648,68.51,97,0.103,32.19,0.284,87.6,working_load,0,1,2
22.93,44.6,874.7,0.663,58.34,101,0.118,43.86,0.107,73.6,working_load,0,1,2
22.37,56.59,531.9,0.667,48.68,126,0.08,33.56,0.056,82.97,working_load,0,1,2
20.26,47.07,886.5,0.712,69.27,51,0.09,32.41,0.613,64.37,working_load,0,1,2
20.64,33.31,878.9,0.577,57.86,78,0.127,36.08,0.548,67.35,working_load,0,1,2
22.65,38.04,848.2,0.542,61.6,97,0.121,28.23,0.355,84.9,working_load,0,1,2
21.86,32.99,1007.9,0.849,62.98,114,0.172,31.69,0.277,62.76,event_high_load,0,1,2
21.96,60.65,766.3,0.546,54.03,77,0.109,34.0,0.307,74.56,working_load,0,1,2
21.49,54.88,641.3,0.626,61.33,103,0.173,36.31,0.419,89.18,working_load,0,1,2
20.74,53.73,479.7,0.047,16.83,11,0.143,32.19,0.404,89.85,night_low_load,0,4,1
21.73,28.08,631.6,0.244,31.75,48,0.1,33.6,0.216,86.74,evening_medium_load,0,4,1
22.17,42.89,595.6,0.425,29.91,46,0.129,31.56,0.206,58.04,evening_medium_load,0,4,1
22.69,40.9,898.6,0.641,52.34,124,0.124,36.33,0.153,67.27,working_load,0,1,2
22.02,34.28,478.1,0.099,19.65,10,0.045,34.47,0.208,100.0,night_low_load,0,4,1
21.88,44.58,706.2,0.248,31.41,65,0.115,23.57,0.274,63.68,evening_medium_load,0,4,1
21.2,38.99,1333.2,1.0,95.04,141,0.187,12.91,0.212,69.96,event_high_load,0,1,2
21.81,45.79,773.4,0.557,57.02,134,0.087,28.22,0.512,65.94,working_load,0,1,2
22.62,61.83,875.2,0.607,61.84,91,0.11,6.75,0.047,69.64,working_load,0,1,2
23.97,35.72,742.9,0.762,60.21,107,0.073,32.42,0.307,92.92,working_load,0,1,2
23.56,47.32,1701.3,0.724,67.12,91,0.169,40.51,0.147,67.88,anomaly_co2_peak,1,5,0
23.07,48.19,658.6,0.268,34.38,36,0.104,286.96,14.404,70.97,anomaly_network_problem,1,2,5
23.07,48.42,724.2,0.641,59.01,70,0.102,33.69,0.57,99.18,working_load,0,1,2
20.66,37.36,840.6,0.548,60.1,97,0.145,28.7,0.355,71.19,working_load,0,1,2
20.6,45.27,733.3,0.707,52.92,57,0.082,145.22,0.243,3.23,anomaly_battery_critical,1,0,4
22.31,47.78,450.0,0.093,19.02,11,0.2,29.25,0.153,96.38,night_low_load,0,4,1
22.4,37.79,428.7,0.027,21.34,2,0.136,40.73,0.256,78.31,night_low_load,0,4,1
23.12,42.6,614.0,0.339,38.03,31,0.078,30.72,0.262,63.85,evening_medium_load,0,4,1
23.54,49.66,765.5,0.682,48.34,100,0.103,22.45,0.127,98.02,working_load,0,1,2
22.08,41.38,965.2,0.825,57.22,94,0.073,25.66,0.532,54.18,working_load,0,1,2
20.98,46.77,1169.4,0.913,69.1,153,0.085,33.2,0.003,81.38,event_high_load,0,1,2
24.26,54.85,599.0,0.635,47.92,88,0.033,34.75,0.314,63.18,working_load,0,1,2
20.62,40.02,584.7,0.41,37.16,48,0.102,29.25,0.293,85.94,evening_medium_load,0,4,1
20.59,47.22,596.9,0.355,45.38,50,0.134,34.16,0.182,80.54,evening_medium_load,0,4,1
21.1,49.65,456.5,0.031,20.75,4,0.136,27.65,0.338,73.75,night_low_load,0,4,1
21.59,34.3,1046.3,0.698,51.62,103,0.221,37.48,0.329,69.65,working_load,0,1,2
23.8,42.49,847.7,0.744,62.51,86,0.099,45.48,0.072,61.17,working_load,0,1,2
23.43,41.92,470.5,0.138,14.89,8,0.068,32.29,0.4,81.33,night_low_load,0,4,1
23.29,47.42,763.1,0.872,64.91,72,0.073,44.31,0.26,58.91,working_load,0,1,2
22.1,64.99,529.2,0.066,8.72,7,0.129,18.9,0.231,88.8,night_low_load,0,4,1
22.37,59.19,422.6,0.116,21.45,5,0.184,35.44,0.207,94.79,night_low_load,0,4,1
20.1,38.69,835.9,0.705,69.13,138,0.151,47.26,0.508,73.56,working_load,0,1,2
21.76,61.97,615.2,0.405,43.71,41,0.133,40.02,0.027,85.73,evening_medium_load,0,4,1
23.07,41.06,686.3,0.683,62.55,99,0.136,28.57,0.43,92.41,working_load,0,1,2
23.59,43.96,680.2,0.499,36.99,37,0.149,20.65,0.507,75.97,evening_medium_load,0,4,1
18.88,51.16,859.2,0.782,63.54,78,0.143,8.29,0.301,86.39,working_load,0,1,2
20.47,42.03,868.5,0.611,46.56,70,0.136,36.59,0.048,85.16,working_load,0,1,2
18.79,44.29,416.1,0.029,15.19,2,0.102,22.27,0.185,98.43,night_low_load,0,4,1
22.45,44.41,815.5,0.559,63.88,116,0.097,31.36,0.115,100.0,working_load,0,1,2
19.49,41.9,634.9,0.329,44.05,42,0.106,218.71,15.431,80.08,anomaly_network_problem,1,2,5
-4.21,7.04,460.9,0.091,21.13,4,0.054,37.11,0.126,91.58,anomaly_sensor_failure,1,6,6
22.98,42.82,807.2,0.543,50.83,94,0.055,26.03,0.134,85.74,working_load,0,1,2
22.64,50.13,468.3,0.124,17.2,3,0.146,18.61,0.234,89.89,night_low_load,0,4,1
22.68,48.53,714.5,0.788,64.14,74,0.162,42.87,0.29,81.98,working_load,0,1,2
22.8,36.0,873.6,0.531,52.2,75,0.086,46.34,0.28,83.38,working_load,0,1,2
22.99,38.77,898.9,0.759,52.22,108,0.096,22.06,0.129,57.83,working_load,0,1,2
21.81,48.52,599.2,0.215,45.95,35,0.111,52.39,0.404,100.0,evening_medium_load,0,4,1
21.03,48.0,496.2,0.081,18.89,6,0.124,23.58,0.24,54.59,night_low_load,0,4,1
22.33,56.69,866.2,0.644,51.52,118,0.155,25.9,0.248,89.63,working_load,0,1,2
21.32,41.12,558.5,0.364,39.51,28,0.122,26.93,0.328,69.76,evening_medium_load,0,4,1
21.2,49.17,644.2,0.474,35.89,41,0.073,20.51,0.311,88.5,evening_medium_load,0,4,1
23.94,43.24,425.0,0.098,24.03,4,0.231,40.32,0.121,52.78,night_low_load,0,4,1
23.85,36.56,1135.4,0.79,179.23,117,0.594,18.3,0.29,47.81,anomaly_power_surge,1,3,3
21.42,54.15,758.1,0.672,53.57,76,0.064,26.19,0.222,79.55,working_load,0,1,2
21.96,40.97,606.6,0.335,33.22,54,0.082,36.73,0.198,76.85,evening_medium_load,0,4,1
43.78,7.52,955.4,0.764,72.33,144,0.111,25.43,0.168,65.43,anomaly_sensor_failure,1,5,0
21.51,46.08,1091.6,0.652,65.2,96,0.163,34.51,0.076,69.8,working_load,0,1,2
21.79,45.39,989.9,0.633,57.59,125,0.203,35.77,0.248,57.6,working_load,0,1,2
23.02,39.44,870.0,0.629,62.86,98,0.078,28.12,0.215,68.52,working_load,0,1,2
24.05,44.78,662.6,0.632,54.23,46,0.141,29.26,0.291,75.65,working_load,0,1,2
20.3,45.1,958.3,0.56,54.44,61,0.102,35.96,0.485,68.07,working_load,0,1,2
20.59,42.99,873.2,0.685,54.88,101,0.182,26.82,0.268,74.3,working_load,0,1,2
22.97,47.17,604.6,0.298,41.31,59,0.127,30.85,0.188,66.22,evening_medium_load,0,4,1
21.92,45.85,790.2,0.672,65.96,68,0.14,31.01,0.019,100.0,working_load,0,1,2
22.98,47.96,1029.6,0.734,65.27,112,0.096,25.9,0.31,54.16,working_load,0,1,2
23.99,46.37,698.1,0.626,56.91,74,0.129,28.66,0.458,64.28,working_load,0,1,2
22.43,48.78,1110.8,0.922,53.98,111,0.113,33.96,0.33,73.42,event_high_load,0,1,2
20.35,30.47,462.0,0.095,15.05,6,0.137,43.19,0.275,74.78,night_low_load,0,4,1
20.68,35.68,393.8,0.126,23.53,0,0.138,39.92,0.238,77.52,night_low_load,0,4,1
21.42,55.75,487.1,0.058,21.79,12,0.098,25.81,0.145,75.73,night_low_load,0,4,1
21.44,47.12,817.1,0.534,55.29,97,0.071,30.27,0.036,66.7,working_load,0,1,2
21.95,59.56,1009.4,0.545,47.5,83,0.153,35.01,0.3,75.65,working_load,0,1,2
23.78,38.35,938.9,0.5,57.27,119,0.134,44.2,0.22,93.85,working_load,0,1,2
23.05,42.82,479.7,0.1,21.2,1,0.125,27.41,0.167,50.11,night_low_load,0,4,1
21.67,44.47,614.5,0.332,31.39,64,0.112,34.64,0.222,92.22,evening_medium_load,0,4,1
22.86,42.45,602.2,0.445,42.15,32,0.071,31.36,0.252,79.22,evening_medium_load,0,4,1
21.28,37.63,708.8,0.369,42.58,48,0.179,26.83,0.459,87.42,evening_medium_load,0,4,1
22.1,44.74,490.8,0.068,15.36,10,0.089,37.08,0.209,64.85,night_low_load,0,4,1
23.53,42.26,881.1,0.606,65.29,98,0.19,38.13,0.355,100.0,working_load,0,1,2
20.66,55.79,424.2,0.119,21.61,12,0.07,30.24,0.402,64.5,night_low_load,0,4,1
21.47,48.4,922.3,0.866,50.71,105,0.155,38.26,0.346,95.1,working_load,0,1,2
21.04,50.64,966.9,0.82,75.41,43,0.137,13.92,0.101,67.91,working_load,0,1,2
20.79,45.44,432.0,0.017,18.99,6,0.129,44.53,0.02,67.07,night_low_load,0,4,1
23.79,52.97,430.3,0.157,9.88,2,0.102,26.47,0.048,89.28,night_low_load,0,4,1
23.01,41.54,871.3,0.77,69.59,86,0.142,29.15,0.192,79.26,working_load,0,1,2
23.37,50.34,2082.3,0.024,15.17,9,0.054,34.45,0.324,80.81,anomaly_co2_peak,1,5,0
24.63,39.44,449.6,0.043,20.15,4,0.121,40.98,0.177,88.41,night_low_load,0,4,1
19.64,49.95,578.1,0.199,41.72,39,0.111,32.62,0.177,66.21,evening_medium_load,0,4,1
23.32,44.08,939.5,0.541,68.47,85,0.096,31.51,0.306,69.81,working_load,0,1,2
21.9,44.66,1001.1,0.81,57.01,94,0.09,46.72,0.462,65.16,working_load,0,1,2
21.82,48.49,919.8,0.608,58.62,83,0.172,36.04,0.062,81.88,working_load,0,1,2
21.2,45.75,505.0,0.056,24.77,3,0.143,30.53,0.367,62.95,night_low_load,0,4,1
22.15,45.34,814.4,0.751,47.74,74,0.16,38.63,0.281,100.0,working_load,0,1,2
20.64,50.65,974.9,0.655,59.05,126,0.137,27.7,0.013,57.74,working_load,0,1,2
20.24,42.16,624.8,0.391,36.41,53,0.162,32.74,0.167,81.98,evening_medium_load,0,4,1
23.42,47.88,788.4,0.525,58.94,106,0.152,25.56,0.258,58.12,working_load,0,1,2
20.4,50.97,705.6,0.269,34.02,35,0.121,43.81,0.252,55.58,evening_medium_load,0,4,1
22.95,44.93,699.7,0.369,54.98,47,0.155,21.72,0.286,69.11,evening_medium_load,0,4,1
24.31,64.87,1013.1,0.929,87.76,124,0.177,36.34,0.228,70.12,event_high_load,0,1,2
21.66,40.37,896.9,0.773,64.24,90,0.071,37.09,0.288,77.19,working_load,0,1,2
25.92,44.39,1171.0,1.0,79.77,127,0.065,32.22,0.1,77.87,event_high_load,0,1,2
22.26,40.71,946.1,0.893,70.07,95,0.105,27.26,0.419,65.19,working_load,0,1,2
20.28,41.7,580.9,0.305,36.84,41,0.1,41.21,0.172,73.79,evening_medium_load,0,4,1
20.26,50.18,973.9,0.491,58.83,86,0.149,29.99,0.128,89.62,working_load,0,1,2
20.36,46.34,488.8,0.059,11.2,10,0.123,41.07,0.111,93.48,night_low_load,0,4,1
22.68,46.9,615.9,0.415,29.67,56,0.107,29.86,0.172,86.78,evening_medium_load,0,4,1
20.81,52.68,1100.0,0.849,80.06,135,0.162,41.51,0.368,82.32,event_high_load,0,1,2
23.24,39.34,1085.2,0.919,78.07,147,0.11,38.76,0.527,74.84,event_high_load,0,1,2
22.27,58.38,973.7,0.802,66.05,94,0.041,37.84,0.192,55.09,working_load,0,1,2
22.28,52.54,550.2,0.364,35.02,60,0.123,26.11,0.334,88.75,evening_medium_load,0,4,1
18.94,45.78,487.7,0.069,15.88,10,0.122,21.42,0.335,93.43,night_low_load,0,4,1
22.08,43.32,853.1,0.619,55.58,92,0.138,39.03,0.172,73.02,working_load,0,1,2
20.77,58.56,904.2,0.73,54.9,104,0.101,35.54,0.016,59.52,working_load,0,1,2
21.33,48.44,422.4,0.048,20.21,0,0.168,22.55,0.664,90.05,night_low_load,0,4,1
22.94,60.51,890.7,0.714,60.95,92,0.174,38.17,0.086,71.09,working_load,0,1,2
21.94,52.04,929.7,0.742,61.39,29,0.175,29.82,0.232,94.65,working_load,0,1,2
26.07,40.75,1914.7,0.339,33.39,49,0.185,51.97,0.307,79.81,anomaly_co2_peak,1,5,0
22.0,54.85,789.4,0.427,44.17,113,0.112,34.96,0.146,80.18,working_load,0,1,2
20.71,47.93,774.7,0.802,56.08,84,0.133,16.01,0.307,92.74,working_load,0,1,2
23.16,34.9,849.2,0.707,56.9,88,0.17,29.39,0.174,92.41,working_load,0,1,2
23.32,47.97,1171.4,1.0,98.35,186,0.145,35.52,0.3,77.14,event_high_load,0,1,2
22.35,52.93,677.4,0.407,40.59,37,0.179,21.62,0.186,77.66,evening_medium_load,0,4,1
21.74,39.14,608.2,0.617,48.45,101,0.084,28.59,0.391,50.8,working_load,0,1,2
22.78,47.77,692.9,0.709,59.76,106,0.162,49.49,0.511,77.1,working_load,0,1,2
23.16,45.3,952.6,0.513,61.86,60,0.127,46.18,0.29,73.99,working_load,0,1,2
19.29,32.54,705.1,0.273,40.09,23,0.119,23.14,0.449,73.31,evening_medium_load,0,4,1
20.59,52.66,1158.3,0.759,181.93,141,0.591,38.07,0.197,53.15,anomaly_power_surge,1,3,3
23.9,48.29,1061.4,1.0,78.59,172,0.065,39.49,0.248,70.74,event_high_load,0,1,2
20.97,46.13,796.3,0.845,63.25,69,0.088,31.75,0.068,64.66,working_load,0,1,2
24.87,45.32,684.9,0.371,24.27,57,0.161,43.07,0.386,77.18,evening_medium_load,0,4,1
20.26,45.77,601.5,0.266,36.4,47,0.078,33.65,0.281,82.25,evening_medium_load,0,4,1
24.73,39.61,394.3,0.071,13.56,4,0.116,105.89,0.257,2.1,anomaly_battery_critical,1,0,4
23.96,44.8,520.0,0.045,11.61,10,0.06,34.57,0.198,61.04,night_low_load,0,4,1
21.62,59.07,848.2,0.529,59.35,153,0.109,27.09,0.157,82.27,working_load,0,1,2
21.7,59.52,425.1,0.077,21.21,3,0.094,32.06,0.384,82.35,night_low_load,0,4,1
21.37,52.3,435.9,0.05,16.48,5,0.124,39.35,0.564,74.9,night_low_load,0,4,1
24.79,44.54,824.8,0.604,67.73,91,0.191,52.92,0.037,59.02,working_load,0,1,2
21.21,43.85,560.9,0.294,16.72,36,0.072,46.57,0.12,84.49,evening_medium_load,0,4,1
22.74,56.91,472.7,0.14,11.91,3,0.103,34.37,0.083,78.28,night_low_load,0,4,1
22.04,42.99,907.8,0.63,55.83,128,0.074,12.74,0.469,91.1,working_load,0,1,2
21.03,50.78,449.2,0.134,8.77,2,0.101,103.79,0.378,3.39,anomaly_battery_critical,1,0,4
22.46,40.51,485.3,0.061,18.07,7,0.118,30.78,0.177,69.21,night_low_load,0,4,1
24.69,51.63,784.7,0.512,50.56,69,0.037,32.67,0.307,78.92,working_load,0,1,2
22.69,46.29,1118.0,0.864,81.95,106,0.072,29.96,0.493,68.34,event_high_load,0,1,2
20.51,48.51,925.4,0.791,73.03,103,0.196,118.3,0.148,4.17,anomaly_battery_critical,1,0,4
22.51,47.14,830.9,0.807,87.39,132,0.157,32.8,0.19,66.05,event_high_load,0,1,2
22.28,46.82,482.0,0.114,18.96,5,0.165,36.05,0.088,65.0,night_low_load,0,4,1
20.08,28.62,1086.3,0.679,65.16,138,0.07,33.94,0.419,90.98,working_load,0,1,2
20.53,34.74,536.1,0.079,12.36,5,0.091,25.92,0.316,95.2,night_low_load,0,4,1
21.68,46.99,591.6,0.25,31.45,39,0.103,39.51,0.205,92.31,evening_medium_load,0,4,1
23.44,54.48,473.2,0.031,22.54,8,0.173,31.44,0.745,86.94,night_low_load,0,4,1
23.22,46.94,875.7,0.744,62.08,152,0.105,35.26,0.003,53.53,working_load,0,1,2
21.94,42.91,682.6,0.622,56.38,82,0.109,16.63,0.239,91.16,working_load,0,1,2
22.29,34.52,423.9,0.072,19.07,5,0.085,48.12,0.242,83.89,night_low_load,0,4,1
23.16,35.04,482.7,0.062,16.16,2,0.082,35.98,0.301,74.57,night_low_load,0,4,1
21.9,53.47,408.1,0.156,15.31,9,0.095,42.23,0.239,83.09,night_low_load,0,4,1
21.2,44.69,445.5,0.062,18.33,5,0.089,97.75,0.523,5.38,anomaly_battery_critical,1,0,4
23.9,52.98,462.6,0.109,17.22,14,0.112,28.7,0.313,79.75,night_low_load,0,4,1
23.36,54.2,623.0,0.613,41.19,92,0.126,21.23,0.405,69.63,working_load,0,1,2
23.48,45.61,1008.5,0.722,68.77,91,0.076,30.79,0.452,75.59,working_load,0,1,2
21.76,60.21,1012.5,0.512,72.5,108,0.099,29.63,0.155,85.3,working_load,0,1,2
21.75,47.69,866.7,0.614,64.61,88,0.134,41.78,0.052,77.83,working_load,0,1,2
20.27,51.46,858.6,0.605,40.38,86,0.105,16.29,0.237,69.23,working_load,0,1,2
22.41,41.8,709.4,0.671,56.25,35,0.198,40.38,0.148,100.0,working_load,0,1,2
22.79,42.21,641.6,0.64,46.1,81,0.063,34.83,0.467,76.19,working_load,0,1,2
21.57,43.45,790.8,0.646,52.23,68,0.15,39.17,0.346,73.98,working_load,0,1,2
20.71,40.98,774.8,0.75,55.34,77,0.131,28.83,0.138,93.64,working_load,0,1,2
22.21,47.25,830.4,0.546,68.55,109,0.075,43.43,0.132,85.47,working_load,0,1,2
23.16,48.39,589.2,0.337,38.63,45,0.147,31.03,0.122,64.98,evening_medium_load,0,4,1
23.44,52.68,967.6,0.808,55.47,92,0.084,22.17,0.01,69.95,working_load,0,1,2
22.37,42.19,916.2,0.691,65.39,113,0.096,36.18,0.526,77.56,working_load,0,1,2
50.05,93.83,479.9,0.032,12.52,7,0.098,31.7,0.279,74.64,anomaly_sensor_failure,1,4,0
23.19,48.51,513.1,0.279,37.54,40,0.124,35.77,0.049,80.72,evening_medium_load,0,4,1
22.58,45.5,891.5,0.807,48.27,110,0.136,25.25,0.571,100.0,working_load,0,1,2
22.59,55.75,905.6,0.771,57.45,105,0.148,21.3,0.531,100.0,working_load,0,1,2
22.2,35.92,590.3,0.583,69.59,88,0.184,30.33,0.307,67.75,working_load,0,1,2
22.58,42.21,474.3,0.135,14.24,7,0.145,53.51,0.214,76.19,night_low_load,0,4,1
21.16,44.46,1000.5,0.651,54.73,75,0.07,43.49,0.432,93.45,working_load,0,1,2
23.3,41.26,686.4,0.553,72.61,131,0.114,28.96,0.301,71.86,working_load,0,1,2
21.64,45.69,924.3,0.888,61.77,93,0.075,18.21,0.412,60.01,working_load,0,1,2
20.84,56.59,855.2,0.768,62.68,99,0.059,21.13,0.384,79.63,working_load,0,1,2
21.5,42.35,450.3,0.017,15.74,6,0.086,27.16,0.202,81.02,night_low_load,0,4,1
23.04,43.71,904.7,0.746,44.6,79,0.105,40.59,0.069,80.7,working_load,0,1,2
21.3,51.58,702.0,0.313,32.63,47,0.157,42.42,0.152,75.66,evening_medium_load,0,4,1
22.8,45.33,826.0,0.734,64.63,93,0.047,12.58,0.35,65.16,working_load,0,1,2
22.47,39.51,721.7,0.362,39.21,54,0.102,29.73,0.044,73.76,evening_medium_load,0,4,1
22.66,46.52,811.0,0.861,64.42,90,0.234,52.45,0.067,92.26,working_load,0,1,2
21.67,49.77,804.6,0.841,63.63,109,0.152,30.52,0.437,73.15,working_load,0,1,2
-12.07,12.24,1294.6,0.923,43.74,138,0.146,30.69,0.421,81.05,anomaly_sensor_failure,1,6,6
20.67,42.87,1225.3,0.887,64.45,100,0.159,20.32,0.335,87.6,event_high_load,0,1,2
21.81,48.47,976.9,0.856,62.26,123,0.167,29.43,0.462,73.95,working_load,0,1,2
21.25,49.74,911.0,0.477,61.2,103,0.144,45.62,0.122,60.34,working_load,0,1,2
23.39,39.65,1184.2,0.936,100.2,141,0.125,33.35,0.221,63.79,event_high_load,0,1,2
18.85,46.67,420.1,0.059,21.97,7,0.13,25.55,0.097,81.73,night_low_load,0,4,1
18.03,47.72,614.1,0.546,46.21,34,0.203,37.59,0.043,55.13,evening_medium_load,0,4,1
21.22,42.52,463.2,0.074,15.3,10,0.137,28.98,0.238,75.27,night_low_load,0,4,1
22.69,53.03,875.2,0.704,50.75,117,0.069,45.52,0.057,74.92,working_load,0,1,2
22.66,39.92,494.9,0.115,14.36,9,0.091,7.73,0.032,95.83,night_low_load,0,4,1
22.5,56.85,435.9,0.083,23.0,6,0.065,29.1,0.42,74.24,night_low_load,0,4,1
23.6,34.15,582.2,0.422,32.78,34,0.133,46.97,0.105,70.63,evening_medium_load,0,4,1
19.83,51.42,1179.5,0.926,82.52,168,0.189,128.99,0.144,2.87,anomaly_battery_critical,1,0,4
23.62,56.18,802.5,0.648,69.35,90,0.11,26.75,0.31,86.59,working_load,0,1,2
24.13,40.22,721.8,0.386,31.05,67,0.09,27.4,0.526,84.92,evening_medium_load,0,4,1
21.06,53.87,1224.0,0.858,89.25,123,0.158,40.57,0.397,83.49,event_high_load,0,1,2
22.98,42.41,584.9,0.246,44.76,52,0.03,33.97,0.041,81.42,evening_medium_load,0,4,1
25.37,55.64,482.7,0.128,24.21,12,0.081,35.96,0.308,67.19,night_low_load,0,4,1
23.84,37.95,949.5,0.624,55.57,143,0.156,35.2,0.325,61.58,working_load,0,1,2
20.73,50.18,509.8,0.085,12.68,15,0.087,24.15,0.223,73.24,night_low_load,0,4,1
24.49,37.96,971.5,0.347,55.59,121,0.139,44.99,0.011,83.05,working_load,0,1,2
22.79,52.49,916.7,0.565,64.29,60,0.13,17.06,0.563,75.13,working_load,0,1,2
20.58,48.71,524.0,0.092,20.81,13,0.166,19.24,0.319,100.0,night_low_load,0,4,1
21.83,39.46,1041.9,0.825,56.13,71,0.162,47.87,0.116,88.38,working_load,0,1,2
24.37,41.32,429.2,0.098,149.99,12,0.502,24.19,0.047,100.0,anomaly_power_surge,1,3,3
22.13,57.47,740.2,0.56,70.78,87,0.163,42.78,0.55,67.04,working_load,0,1,2
24.83,38.9,722.2,0.847,46.46,132,0.063,291.78,10.947,55.59,anomaly_network_problem,1,2,5
18.89,47.78,438.3,0.044,13.81,8,0.15,40.73,0.531,90.35,night_low_load,0,4,1
20.41,38.35,653.3,0.381,36.17,42,0.114,32.23,0.158,84.8,evening_medium_load,0,4,1
24.15,45.05,697.8,0.333,28.0,40,0.156,16.81,0.179,71.77,evening_medium_load,0,4,1
22.46,52.65,918.2,0.724,64.41,113,0.094,18.24,0.215,77.6,working_load,0,1,2
22.97,58.13,469.5,0.044,22.51,0,0.144,38.47,0.447,83.83,night_low_load,0,4,1
22.29,47.49,1076.8,0.601,56.29,127,0.09,16.47,0.106,92.03,working_load,0,1,2
19.92,56.0,486.0,0.097,15.16,10,0.101,21.53,0.379,88.25,night_low_load,0,4,1
19.98,48.54,870.4,0.688,46.18,80,0.112,29.72,0.156,90.49,working_load,0,1,2
20.43,44.15,882.1,0.683,66.66,108,0.101,306.97,11.07,59.4,anomaly_network_problem,1,2,5
23.49,50.71,463.1,0.105,14.22,11,0.126,35.3,0.533,85.29,night_low_load,0,4,1
19.04,44.35,731.5,0.418,51.87,95,0.094,25.29,0.367,78.17,working_load,0,1,2
23.93,44.61,719.1,0.78,61.56,108,0.139,30.68,0.38,68.55,working_load,0,1,2
23.33,34.08,502.8,0.087,20.52,12,0.133,14.0,0.415,100.0,night_low_load,0,4,1
22.59,49.88,454.6,0.131,22.08,11,0.08,12.62,0.388,100.0,night_low_load,0,4,1
19.84,38.1,697.4,0.362,35.42,38,0.08,32.64,0.536,57.16,evening_medium_load,0,4,1
23.57,48.98,929.0,0.552,48.54,101,0.124,25.2,0.413,84.55,working_load,0,1,2
20.4,43.74,736.5,0.236,36.69,22,0.124,16.43,0.163,84.3,evening_medium_load,0,4,1
25.21,46.48,459.7,0.126,11.44,7,0.069,41.02,0.221,83.33,night_low_load,0,4,1
25.02,36.8,865.5,0.832,45.3,106,0.114,33.41,0.319,89.61,working_load,0,1,2
23.83,44.72,707.8,0.8,64.13,121,0.087,26.78,0.488,84.1,working_load,0,1,2
21.82,49.84,419.4,0.304,34.82,53,0.144,31.94,0.103,90.39,evening_medium_load,0,4,1
22.73,36.9,670.9,0.555,57.8,96,0.116,128.76,0.325,3.18,anomaly_battery_critical,1,0,4
19.74,55.33,797.9,0.69,43.63,103,0.155,44.13,0.367,83.22,working_load,0,1,2
22.39,42.27,886.8,0.571,43.41,80,0.095,48.88,0.107,72.09,working_load,0,1,2
24.84,41.02,852.3,0.728,55.95,64,0.172,108.88,0.283,2.49,anomaly_battery_critical,1,0,4
22.04,45.77,464.8,0.085,20.79,9,0.161,18.2,0.02,51.86,night_low_load,0,4,1
22.74,44.74,388.0,0.036,16.06,7,0.14,30.48,0.406,73.12,night_low_load,0,4,1
22.97,50.43,536.6,0.414,37.68,43,0.146,31.85,0.2,37.06,evening_medium_load,0,4,1
20.15,45.52,552.6,0.326,153.53,45,0.746,24.65,0.117,81.72,anomaly_power_surge,1,3,3
21.31,58.15,825.8,0.734,44.11,83,0.111,28.75,0.071,73.55,working_load,0,1,2
22.08,51.18,698.7,0.429,46.16,48,0.094,32.68,0.126,77.47,evening_medium_load,0,4,1
20.11,49.13,546.9,0.413,35.67,69,0.147,154.29,0.262,-0.44,anomaly_battery_critical,1,0,4
21.43,50.35,827.7,0.803,57.74,82,0.164,33.89,0.115,69.26,working_load,0,1,2
42.9,92.91,436.6,0.064,18.1,10,0.148,21.62,0.436,88.62,anomaly_sensor_failure,1,4,0
25.62,41.13,700.4,0.429,45.75,41,0.111,33.66,0.006,93.7,evening_medium_load,0,4,1
22.87,51.17,996.8,0.751,58.43,95,0.116,30.0,0.006,67.17,working_load,0,1,2
23.47,39.36,509.2,0.133,15.68,4,0.09,27.78,0.535,77.99,night_low_load,0,4,1
23.96,52.28,879.3,0.418,64.56,104,0.146,29.02,0.06,74.25,working_load,0,1,2
20.41,45.35,467.2,0.061,15.93,7,0.081,36.82,0.219,73.08,night_low_load,0,4,1
22.3,38.62,933.5,0.578,48.42,136,0.138,25.47,0.504,69.5,working_load,0,1,2
22.01,45.92,407.9,0.144,11.77,10,0.097,40.93,0.288,62.33,night_low_load,0,4,1
19.59,48.34,1036.1,0.941,80.45,109,0.094,41.44,0.254,68.38,event_high_load,0,1,2
23.06,56.76,544.2,0.272,49.83,32,0.03,36.11,0.105,61.71,evening_medium_load,0,4,1
23.88,64.09,425.4,0.099,18.83,5,0.085,43.11,0.408,62.87,night_low_load,0,4,1
21.55,41.6,903.6,0.625,47.16,123,0.143,23.81,0.079,69.55,working_load,0,1,2
22.72,49.37,484.6,0.104,14.53,4,0.077,31.58,0.656,66.82,night_low_load,0,4,1
21.53,44.76,771.1,0.125,49.33,41,0.114,31.23,0.135,74.93,evening_medium_load,0,4,1
21.36,27.09,1251.3,0.953,84.57,179,0.166,41.6,0.385,72.87,event_high_load,0,1,2
22.72,43.88,581.6,0.299,27.41,41,0.165,38.89,0.148,100.0,evening_medium_load,0,4,1
22.77,56.99,658.0,0.375,37.74,31,0.06,39.79,0.504,94.66,evening_medium_load,0,4,1
20.63,55.39,1006.5,0.757,124.28,103,0.789,27.6,0.217,75.83,anomaly_power_surge,1,3,3
20.33,41.85,924.1,0.659,51.85,91,0.063,18.96,0.377,84.17,working_load,0,1,2
23.82,34.44,380.0,0.115,13.37,11,0.06,39.37,0.002,57.94,night_low_load,0,4,1
21.49,54.16,832.9,0.681,51.23,106,0.118,30.47,0.556,76.02,working_load,0,1,2
21.99,55.21,630.6,0.383,43.41,41,0.071,29.27,0.039,88.74,evening_medium_load,0,4,1
19.33,41.98,405.1,0.132,10.97,11,0.173,32.13,0.26,93.95,night_low_load,0,4,1
21.14,41.89,929.3,0.773,58.85,106,0.106,29.93,0.285,92.54,working_load,0,1,2
19.0,58.15,623.3,0.566,54.29,94,0.103,20.24,0.176,89.87,working_load,0,1,2
19.41,58.4,744.8,0.334,43.66,65,0.127,48.03,0.469,82.34,evening_medium_load,0,4,1
22.43,52.62,691.2,0.358,38.96,38,0.141,41.97,0.273,75.73,evening_medium_load,0,4,1
23.58,57.01,1025.8,0.71,63.65,111,0.146,30.47,0.034,96.06,working_load,0,1,2
23.86,43.81,943.9,0.552,49.55,100,0.134,24.55,0.417,94.1,working_load,0,1,2
23.83,44.31,444.7,0.056,22.3,9,0.13,31.23,0.227,78.98,night_low_load,0,4,1
22.27,40.23,635.5,0.362,37.69,53,0.089,199.99,15.342,71.69,anomaly_network_problem,1,2,5
21.47,46.62,773.7,0.911,53.36,48,0.093,17.78,0.256,67.64,working_load,0,1,2
22.84,62.56,671.7,0.392,27.18,22,0.152,42.31,0.05,74.21,evening_medium_load,0,4,1
20.47,59.95,722.0,0.629,56.8,96,0.117,34.64,0.445,96.82,working_load,0,1,2
24.39,51.15,1347.0,0.762,81.39,153,0.137,9.16,0.345,73.86,event_high_load,0,1,2
22.47,47.9,932.0,0.548,66.13,91,0.087,40.77,0.056,92.87,working_load,0,1,2
21.9,54.9,743.3,0.413,62.02,85,0.099,27.58,0.28,82.72,working_load,0,1,2
21.7,46.79,893.4,0.404,57.29,135,0.125,27.75,0.189,58.18,working_load,0,1,2
19.34,42.96,517.2,0.123,21.87,2,0.128,22.72,0.064,67.26,night_low_load,0,4,1
21.36,45.26,1028.2,0.578,63.85,104,0.241,44.05,0.035,79.68,working_load,0,1,2
23.23,52.65,452.2,0.08,19.86,8,0.152,54.83,0.633,79.31,night_low_load,0,4,1
23.25,51.77,484.1,0.11,16.5,11,0.185,24.67,0.3,52.71,night_low_load,0,4,1
21.14,45.1,435.6,0.089,154.4,8,0.58,16.29,0.27,75.54,anomaly_power_surge,1,3,3
24.32,37.99,467.2,0.134,19.9,0,0.115,134.31,0.131,4.53,anomaly_battery_critical,1,0,4
22.76,39.73,799.4,0.443,60.38,99,0.09,39.29,0.246,99.03,working_load,0,1,2
20.96,56.12,495.9,0.768,63.98,108,0.168,23.69,0.367,82.77,working_load,0,1,2
22.64,53.86,547.5,0.478,35.26,52,0.111,24.17,0.334,84.39,evening_medium_load,0,4,1
24.09,40.73,586.8,0.219,32.19,56,0.084,40.86,0.39,80.38,evening_medium_load,0,4,1
24.93,49.97,589.4,0.876,56.07,121,0.056,39.54,0.241,62.07,working_load,0,1,2
45.46,6.53,1146.3,0.828,64.76,148,0.15,26.93,0.255,83.19,anomaly_sensor_failure,1,5,0
21.19,43.07,523.6,0.5,40.52,38,0.148,37.72,0.345,69.95,evening_medium_load,0,4,1
23.87,48.2,473.3,0.057,21.51,8,0.143,70.63,0.535,0.78,anomaly_battery_critical,1,0,4
21.38,39.06,738.4,0.319,33.38,41,0.154,28.24,0.472,84.88,evening_medium_load,0,4,1
21.38,61.29,588.3,0.43,33.72,58,0.134,28.07,0.249,88.65,evening_medium_load,0,4,1
21.69,43.87,775.8,0.829,46.9,99,0.084,46.53,0.081,87.59,working_load,0,1,2
21.83,64.48,504.4,0.09,16.69,9,0.089,37.76,0.108,78.09,night_low_load,0,4,1
23.68,46.85,427.4,0.125,17.38,7,0.015,32.21,0.255,85.88,night_low_load,0,4,1
20.39,50.96,631.0,0.719,63.68,113,0.138,31.27,0.39,85.67,working_load,0,1,2
24.23,40.06,745.2,0.892,62.45,107,0.077,28.82,0.023,64.73,working_load,0,1,2
23.33,57.82,888.1,0.522,44.64,108,0.141,11.5,0.405,72.99,working_load,0,1,2
21.58,37.33,454.3,0.072,11.26,5,0.236,30.71,0.139,70.48,night_low_load,0,4,1
22.85,49.69,500.1,0.156,9.18,13,0.141,23.42,0.154,76.31,night_low_load,0,4,1
22.29,38.7,829.7,0.538,63.84,100,0.088,25.98,0.271,83.24,working_load,0,1,2
21.92,55.31,1028.8,1.0,81.41,109,0.115,18.95,0.674,69.59,event_high_load,0,1,2
24.02,45.66,633.9,0.656,64.11,62,0.118,45.81,0.104,79.32,working_load,0,1,2
20.6,31.21,427.5,0.0,16.59,8,0.138,30.55,0.567,64.85,night_low_load,0,4,1
23.56,41.97,413.6,0.105,22.47,3,0.183,64.46,0.154,84.08,night_low_load,0,4,1
24.25,35.61,1881.3,0.122,20.34,12,0.088,37.86,0.119,82.11,anomaly_co2_peak,1,5,0
24.31,47.93,899.6,0.81,58.23,72,0.146,32.84,0.521,64.94,working_load,0,1,2
21.44,50.06,484.1,0.071,16.97,2,0.113,44.9,0.376,64.72,night_low_load,0,4,1
21.99,50.3,827.5,0.706,61.06,98,0.115,29.48,0.111,79.49,working_load,0,1,2
21.21,50.37,2009.5,0.402,29.11,60,0.125,22.49,0.287,88.72,anomaly_co2_peak,1,5,0
21.02,29.76,805.5,0.895,61.52,90,0.135,29.86,0.302,71.68,working_load,0,1,2
22.06,44.38,811.3,0.64,45.44,63,0.149,36.92,0.517,87.2,working_load,0,1,2
20.8,48.68,660.2,0.815,62.09,126,0.094,28.99,0.532,76.13,working_load,0,1,2
20.87,48.24,816.1,0.403,48.52,86,0.067,255.79,11.335,90.28,anomaly_network_problem,1,2,5
24.11,46.36,786.3,0.618,63.75,114,0.106,21.5,0.096,78.63,working_load,0,1,2
20.97,39.33,422.7,0.126,19.56,6,0.171,24.8,0.242,93.0,night_low_load,0,4,1
22.72,37.11,415.9,0.11,24.22,11,0.054,20.94,0.113,56.22,night_low_load,0,4,1
20.07,46.17,403.8,0.182,15.87,11,0.185,28.63,0.255,71.93,night_low_load,0,4,1
23.31,39.09,590.9,0.371,31.67,37,0.16,41.73,0.246,100.0,evening_medium_load,0,4,1
21.6,57.5,931.7,0.555,53.72,88,0.19,49.11,0.325,88.91,working_load,0,1,2
21.71,37.92,588.4,0.301,28.45,31,0.067,18.83,0.234,77.87,evening_medium_load,0,4,1
20.97,52.68,883.5,0.807,51.37,71,0.053,44.99,0.564,60.78,working_load,0,1,2
21.16,46.97,521.3,0.052,18.87,2,0.163,47.47,0.497,72.46,night_low_load,0,4,1
23.45,47.85,519.9,0.43,40.59,43,0.121,39.24,0.166,93.13,evening_medium_load,0,4,1
20.27,41.99,437.8,0.05,14.5,11,0.059,15.79,0.378,76.92,night_low_load,0,4,1
20.56,52.25,589.9,0.134,37.29,32,0.125,36.49,0.236,83.84,evening_medium_load,0,4,1
22.16,34.11,646.3,0.131,45.82,36,0.135,32.22,0.256,100.0,evening_medium_load,0,4,1
20.56,51.86,547.1,0.294,37.81,38,0.132,36.91,0.167,100.0,evening_medium_load,0,4,1
23.05,37.79,954.9,0.871,85.24,153,0.069,43.02,0.531,87.1,event_high_load,0,1,2
23.41,39.47,1023.4,0.512,69.44,111,0.088,37.95,0.219,97.2,working_load,0,1,2
23.49,41.75,640.0,0.242,39.11,51,0.178,27.24,0.273,98.02,evening_medium_load,0,4,1
22.84,44.98,878.8,0.857,49.5,75,0.101,47.8,0.053,80.73,working_load,0,1,2
23.5,43.08,776.7,0.301,42.07,47,0.144,23.92,0.441,73.7,evening_medium_load,0,4,1
23.28,45.12,1016.9,0.779,84.95,130,0.093,21.79,0.176,93.49,event_high_load,0,1,2
21.83,47.47,547.9,0.368,39.77,22,0.079,24.09,0.381,46.37,evening_medium_load,0,4,1
22.54,47.44,701.2,0.344,34.34,15,0.08,37.66,0.429,71.59,evening_medium_load,0,4,1
21.68,49.04,858.9,0.561,71.02,74,0.14,36.78,0.305,88.31,working_load,0,1,2
20.8,50.28,1021.9,0.803,135.81,171,0.541,32.52,0.422,78.63,anomaly_power_surge,1,3,3
20.32,54.02,789.3,0.663,67.85,99,0.172,27.2,0.462,85.86,working_load,0,1,2
19.41,42.03,447.9,0.103,21.45,7,0.162,23.88,0.475,71.07,night_low_load,0,4,1
24.73,50.26,563.2,0.308,34.64,35,0.13,39.93,0.105,59.1,evening_medium_load,0,4,1
21.73,50.21,1273.2,0.844,100.29,158,0.117,37.22,0.374,70.01,event_high_load,0,1,2
22.88,47.67,812.8,0.594,57.58,112,0.133,34.13,0.226,75.17,working_load,0,1,2
25.64,55.66,2101.4,0.953,93.26,186,0.141,31.03,0.232,87.99,anomaly_co2_peak,1,5,0
24.14,36.72,720.0,0.699,150.43,88,0.493,26.06,0.187,71.32,anomaly_power_surge,1,3,3
23.78,37.71,963.7,0.67,70.89,49,0.13,29.4,0.152,71.12,working_load,0,1,2
20.67,43.15,580.1,0.411,24.55,38,0.149,45.13,0.34,55.46,evening_medium_load,0,4,1
20.21,49.65,650.2,0.644,52.64,73,0.053,26.92,0.353,72.71,working_load,0,1,2
23.01,29.0,427.9,0.075,16.87,0,0.07,36.76,0.135,65.07,night_low_load,0,4,1
22.43,37.43,936.2,0.821,75.42,116,0.166,22.91,0.411,80.23,event_high_load,0,1,2
23.71,60.9,493.1,0.121,21.88,7,0.147,22.49,0.32,71.59,night_low_load,0,4,1
21.85,39.14,472.4,0.094,13.62,0,0.113,18.95,0.111,52.92,night_low_load,0,4,1
23.14,54.25,775.0,0.585,69.0,82,0.169,34.01,0.139,82.71,working_load,0,1,2
23.6,41.03,814.7,0.685,41.83,61,0.116,23.08,0.414,89.67,working_load,0,1,2
22.24,34.82,407.3,0.074,11.26,11,0.163,46.95,0.132,73.13,night_low_load,0,4,1
23.26,51.74,796.0,0.532,45.93,103,0.082,38.71,0.078,83.42,working_load,0,1,2
25.83,45.65,409.7,0.121,15.59,1,0.034,39.37,0.53,97.22,night_low_load,0,4,1
22.7,45.98,670.2,0.357,33.8,29,0.097,38.18,0.07,86.84,evening_medium_load,0,4,1
22.82,52.33,832.9,0.752,60.13,87,0.126,40.15,0.415,75.28,working_load,0,1,2
21.43,48.8,1025.1,0.778,47.32,84,0.13,27.41,0.184,68.97,working_load,0,1,2
22.2,43.1,1012.9,0.876,75.69,146,0.136,35.64,0.701,65.77,event_high_load,0,1,2
22.47,45.2,432.4,0.094,16.26,15,0.138,34.27,0.314,80.45,night_low_load,0,4,1
24.03,40.33,822.0,0.79,135.37,94,0.741,37.74,0.062,65.32,anomaly_power_surge,1,3,3
24.95,54.46,805.2,0.715,44.24,125,0.175,27.8,0.284,68.32,working_load,0,1,2
22.09,52.67,428.6,0.076,22.74,12,0.181,38.11,0.401,91.47,night_low_load,0,4,1
21.06,31.02,798.2,0.868,54.58,124,0.14,24.76,0.38,68.93,working_load,0,1,2
22.03,37.56,420.5,0.142,21.06,9,0.073,20.36,0.514,94.87,night_low_load,0,4,1
22.79,61.06,902.8,0.729,47.58,73,0.175,23.22,0.326,83.55,working_load,0,1,2
21.38,45.77,873.9,0.605,62.12,88,0.047,32.42,0.277,82.6,working_load,0,1,2
23.03,47.33,1369.9,0.951,67.28,136,0.086,29.74,0.018,77.95,event_high_load,0,1,2
23.31,53.07,530.8,0.07,19.14,6,0.143,37.31,0.05,76.67,night_low_load,0,4,1
22.46,49.06,606.6,0.309,28.7,37,0.112,29.33,0.495,75.8,evening_medium_load,0,4,1
23.55,47.34,955.6,0.857,75.47,77,0.113,18.69,0.183,86.69,working_load,0,1,2
21.99,52.09,663.9,0.188,39.26,50,0.029,17.44,0.428,86.41,evening_medium_load,0,4,1
22.23,51.74,892.7,0.578,55.0,121,0.08,20.08,0.218,65.25,working_load,0,1,2
21.19,46.23,446.3,0.172,17.75,5,0.121,32.25,0.26,71.74,night_low_load,0,4,1
23.04,40.8,1273.4,0.813,91.76,141,0.141,22.13,0.1,74.09,event_high_load,0,1,2
20.88,53.44,547.3,0.425,43.7,52,0.132,50.16,0.203,91.14,evening_medium_load,0,4,1
23.35,51.18,444.2,0.04,16.87,10,0.112,32.48,0.042,89.48,night_low_load,0,4,1
22.28,42.5,694.5,0.651,37.61,101,0.155,29.35,0.245,62.91,working_load,0,1,2
24.33,39.57,782.7,0.247,24.42,28,0.188,32.05,0.301,67.06,evening_medium_load,0,4,1
21.93,34.13,700.1,0.373,36.5,35,0.187,23.63,0.44,57.83,evening_medium_load,0,4,1
19.77,62.0,632.6,0.626,45.67,81,0.064,28.33,0.292,81.63,working_load,0,1,2
23.05,51.02,859.8,0.702,71.76,126,0.153,21.46,0.34,89.55,working_load,0,1,2
22.11,52.8,792.9,0.778,51.98,60,0.081,40.18,0.205,79.15,working_load,0,1,2
20.67,41.95,426.7,0.062,21.47,11,0.118,42.5,0.135,57.79,night_low_load,0,4,1
21.13,36.75,895.0,0.592,60.73,136,0.111,33.41,0.254,85.45,working_load,0,1,2
25.97,53.89,461.1,0.077,12.3,7,0.198,45.93,0.267,70.58,night_low_load,0,4,1
24.43,51.36,646.6,0.336,30.81,53,0.117,16.56,0.008,71.96,evening_medium_load,0,4,1
22.3,49.0,709.2,0.649,48.77,107,0.123,43.17,0.018,85.39,working_load,0,1,2
22.9,50.86,444.7,0.051,18.37,9,0.199,39.1,0.343,60.77,night_low_load,0,4,1
22.2,46.69,718.2,0.693,66.43,126,0.147,35.96,0.414,75.92,working_load,0,1,2
23.16,34.79,914.8,0.623,49.54,84,0.217,40.82,0.339,68.6,working_load,0,1,2
20.84,39.36,898.2,0.512,64.58,65,0.076,34.23,0.421,65.42,working_load,0,1,2
22.18,35.69,452.4,0.048,10.09,6,0.087,24.21,0.304,67.31,night_low_load,0,4,1
25.19,50.45,474.1,0.077,20.0,6,0.14,14.21,0.099,88.97,night_low_load,0,4,1
22.3,29.58,785.7,0.744,60.38,94,0.113,37.48,0.259,94.08,working_load,0,1,2
21.6,50.15,645.7,0.279,30.3,37,0.126,27.19,0.113,77.87,evening_medium_load,0,4,1
22.53,31.22,728.3,0.539,57.33,101,0.151,34.59,0.256,88.93,working_load,0,1,2
20.76,49.45,508.5,0.072,19.28,12,0.151,34.73,0.218,78.63,night_low_load,0,4,1
19.84,31.75,640.2,0.591,31.6,33,0.124,14.03,0.224,50.88,evening_medium_load,0,4,1
20.94,45.39,961.9,0.81,51.73,96,0.096,36.07,0.282,77.78,working_load,0,1,2
22.26,33.51,814.7,0.647,60.67,133,0.128,40.14,0.371,65.34,working_load,0,1,2
22.97,46.44,502.9,0.253,40.43,37,0.105,53.01,0.002,87.39,evening_medium_load,0,4,1
23.47,46.96,453.2,0.0,19.9,2,0.091,31.05,0.138,95.96,night_low_load,0,4,1
19.79,52.57,656.7,0.543,33.78,31,0.1,226.47,12.757,68.86,anomaly_network_problem,1,2,5
18.61,56.41,599.2,0.322,20.67,40,0.091,38.95,0.669,76.23,evening_medium_load,0,4,1
22.87,41.06,617.5,0.325,43.8,38,0.027,18.5,0.121,100.0,evening_medium_load,0,4,1
22.28,32.48,1170.1,0.917,80.93,141,0.112,25.02,0.23,90.89,event_high_load,0,1,2
20.56,38.58,841.8,0.582,48.03,91,0.131,25.0,0.025,79.16,working_load,0,1,2
22.2,42.8,509.6,0.205,37.76,43,0.136,22.08,0.44,95.65,evening_medium_load,0,4,1
22.26,50.02,578.9,0.28,34.07,44,0.065,29.43,0.299,66.25,evening_medium_load,0,4,1
23.27,51.69,504.1,0.114,28.71,5,0.085,38.83,0.052,61.86,night_low_load,0,4,1
22.93,37.53,826.2,0.803,52.7,88,0.063,35.39,0.356,69.58,working_load,0,1,2
23.55,50.78,464.9,0.097,20.08,0,0.163,32.14,0.155,85.54,night_low_load,0,4,1
19.68,48.96,864.6,0.861,68.34,77,0.184,48.48,0.153,98.69,working_load,0,1,2
22.69,44.02,764.1,0.749,65.31,74,0.118,39.59,0.221,86.24,working_load,0,1,2
21.85,46.86,855.0,0.735,46.37,87,0.16,38.81,0.374,100.0,working_load,0,1,2
22.28,41.47,934.0,0.684,56.3,112,0.153,27.96,0.428,78.24,working_load,0,1,2
20.94,30.52,616.1,0.653,41.98,122,0.195,42.87,0.448,80.55,working_load,0,1,2
23.1,54.44,488.3,0.064,18.83,10,0.101,21.36,0.174,91.0,night_low_load,0,4,1
24.11,41.27,434.9,0.063,13.79,11,0.159,28.05,0.182,70.56,night_low_load,0,4,1
22.44,43.39,822.0,0.96,101.47,144,0.073,33.82,0.126,97.04,event_high_load,0,1,2
22.72,34.56,971.2,0.837,73.31,113,0.159,24.48,0.135,71.93,working_load,0,1,2
22.35,45.48,1055.8,0.835,52.64,102,0.108,36.16,0.082,74.0,working_load,0,1,2
22.79,52.33,909.9,0.773,55.97,116,0.092,166.04,0.006,6.56,anomaly_battery_critical,1,0,4
21.3,52.41,452.9,0.108,19.7,7,0.175,26.61,0.137,57.97,night_low_load,0,4,1
25.06,44.88,582.0,0.408,36.54,29,0.081,41.87,0.025,83.16,evening_medium_load,0,4,1
20.63,59.48,866.8,0.678,75.11,106,0.031,33.08,0.316,83.58,working_load,0,1,2
20.66,43.62,450.4,0.109,13.82,10,0.161,42.52,0.402,95.91,night_low_load,0,4,1
20.47,36.66,674.9,0.376,35.47,30,0.118,41.82,0.18,97.33,evening_medium_load,0,4,1
24.09,49.14,873.8,0.815,55.94,120,0.081,15.29,0.21,68.02,working_load,0,1,2
23.59,34.02,520.7,0.05,19.23,0,0.2,24.73,0.146,77.79,night_low_load,0,4,1
19.53,55.51,675.7,0.852,69.89,113,0.053,28.45,0.192,80.14,working_load,0,1,2
22.58,36.13,766.9,0.768,58.33,83,0.178,24.51,0.189,92.96,working_load,0,1,2
19.85,42.01,648.9,0.325,34.52,39,0.083,36.81,0.322,86.13,evening_medium_load,0,4,1
20.24,47.35,1243.5,0.81,87.52,165,0.17,22.08,0.327,78.05,event_high_load,0,1,2
24.34,41.38,495.0,0.085,15.32,12,0.108,35.04,0.147,88.76,night_low_load,0,4,1
24.64,45.27,2074.8,0.09,17.1,8,0.132,26.44,0.128,64.81,anomaly_co2_peak,1,5,0
21.85,50.57,962.4,0.589,70.46,120,0.132,42.49,0.079,85.4,working_load,0,1,2
20.41,42.66,474.5,0.116,20.94,3,0.172,35.65,0.463,90.55,night_low_load,0,4,1
23.12,54.21,851.7,0.673,52.76,89,0.107,35.99,0.381,55.94,working_load,0,1,2
20.55,52.89,531.6,0.208,34.17,41,0.159,19.04,0.22,84.15,evening_medium_load,0,4,1
22.42,53.28,575.7,0.224,33.9,57,0.083,31.96,0.147,59.4,evening_medium_load,0,4,1
20.7,51.37,917.4,0.632,56.67,100,0.081,45.02,0.04,66.32,working_load,0,1,2
22.09,48.33,528.8,0.309,37.99,42,0.192,30.75,0.306,82.75,evening_medium_load,0,4,1
21.06,42.92,721.5,0.679,40.3,102,0.118,38.81,0.437,90.46,working_load,0,1,2
21.66,46.29,963.5,0.527,65.11,99,0.162,49.73,0.291,94.73,working_load,0,1,2
20.62,43.84,464.9,0.024,23.61,11,0.171,23.54,0.046,83.25,night_low_load,0,4,1
23.33,40.11,573.3,0.279,40.31,27,0.147,28.99,0.246,74.34,evening_medium_load,0,4,1
23.49,52.04,587.3,0.32,34.02,39,0.101,31.61,0.207,62.96,evening_medium_load,0,4,1
20.74,48.61,461.5,0.137,15.07,6,0.096,30.62,0.398,78.05,night_low_load,0,4,1
22.77,44.91,868.3,0.848,66.95,104,0.124,26.96,0.064,84.19,working_load,0,1,2
23.25,34.73,617.1,0.429,35.67,50,0.122,39.96,0.309,80.09,evening_medium_load,0,4,1
21.24,59.21,480.7,0.122,17.52,4,0.01,19.97,0.137,87.31,night_low_load,0,4,1
22.84,54.14,500.7,0.119,19.21,7,0.126,40.0,0.409,83.52,night_low_load,0,4,1
21.34,49.69,713.5,0.85,72.85,104,0.081,29.14,0.045,94.49,working_load,0,1,2
22.9,46.14,464.3,0.026,15.93,11,0.076,43.7,0.039,85.44,night_low_load,0,4,1
20.94,52.73,999.4,0.748,134.74,87,0.577,26.24,0.266,100.0,anomaly_power_surge,1,3,3
21.24,47.85,708.6,0.644,60.02,65,0.144,26.92,0.519,86.21,working_load,0,1,2
22.32,55.16,472.3,0.06,8.09,8,0.097,37.15,0.367,65.46,night_low_load,0,4,1
23.35,50.89,1728.7,0.488,44.37,41,0.059,11.2,0.35,69.99,anomaly_co2_peak,1,5,0
20.44,51.01,408.6,0.102,16.42,8,0.119,23.91,0.064,88.52,night_low_load,0,4,1
23.31,48.88,545.9,0.194,35.49,40,0.132,25.59,0.038,87.54,evening_medium_load,0,4,1
22.05,31.79,484.7,0.09,18.58,12,0.125,35.96,0.231,74.97,night_low_load,0,4,1
21.7,44.09,533.1,0.376,37.77,42,0.109,50.03,0.339,84.3,evening_medium_load,0,4,1
23.7,44.03,408.1,0.045,27.57,8,0.135,38.76,0.199,88.33,night_low_load,0,4,1
24.06,40.72,423.6,0.145,21.14,9,0.094,39.1,0.239,71.86,night_low_load,0,4,1
24.1,45.05,511.1,0.1,25.15,9,0.1,33.65,0.165,78.83,night_low_load,0,4,1
21.07,38.43,474.2,0.117,25.79,7,0.142,34.98,0.47,72.05,night_low_load,0,4,1
24.22,51.76,926.0,0.564,52.76,120,0.116,33.82,0.061,70.46,working_load,0,1,2
24.04,51.34,875.2,0.769,67.91,65,0.213,31.3,0.213,70.17,working_load,0,1,2
20.26,50.61,1007.6,0.568,64.77,97,0.036,32.41,0.353,55.13,working_load,0,1,2
21.81,47.48,527.5,0.242,37.8,28,0.113,36.25,0.383,84.73,evening_medium_load,0,4,1
23.07,40.84,799.9,0.64,46.21,70,0.065,21.23,0.055,69.58,working_load,0,1,2
23.49,42.95,879.0,0.783,51.54,80,0.088,23.61,0.22,81.77,working_load,0,1,2
19.47,40.99,425.0,0.075,17.31,3,0.106,27.13,0.096,79.32,night_low_load,0,4,1
22.4,36.79,713.3,0.358,31.19,14,0.126,11.52,0.312,93.33,evening_medium_load,0,4,1
24.42,45.92,948.5,0.631,52.2,72,0.121,27.48,0.452,60.47,working_load,0,1,2
22.28,38.75,1171.9,0.899,70.17,126,0.203,40.9,0.583,58.87,event_high_load,0,1,2
20.74,55.09,631.5,0.157,37.73,45,0.073,41.68,0.361,66.24,evening_medium_load,0,4,1
22.41,55.08,826.3,0.664,64.59,59,0.114,26.0,0.251,100.0,working_load,0,1,2
23.5,60.0,685.2,0.276,32.48,72,0.104,16.67,0.356,79.13,evening_medium_load,0,4,1
19.88,40.94,1012.7,0.803,61.88,82,0.1,39.04,0.241,78.44,working_load,0,1,2
20.78,47.08,748.2,0.623,40.97,97,0.102,15.45,0.374,74.42,working_load,0,1,2
22.94,45.98,961.3,0.518,26.03,105,0.112,27.31,0.31,51.61,working_load,0,1,2
21.85,39.21,682.8,0.289,41.47,70,0.09,48.11,0.006,90.08,evening_medium_load,0,4,1
24.5,47.32,2140.6,0.281,35.98,23,0.172,19.03,0.164,99.56,anomaly_co2_peak,1,5,0
23.31,31.18,837.7,0.502,54.29,84,0.054,26.54,0.357,67.9,working_load,0,1,2
23.27,56.72,1069.8,0.817,103.94,108,0.089,35.55,0.055,46.57,event_high_load,0,1,2
24.99,57.97,481.1,0.101,23.08,13,0.16,34.1,0.141,83.44,night_low_load,0,4,1
21.47,53.76,888.2,1.0,54.87,102,0.182,20.28,0.32,71.91,working_load,0,1,2
24.64,46.86,786.1,0.728,65.68,75,0.084,29.15,0.069,88.89,working_load,0,1,2
22.87,49.88,849.7,0.61,50.12,62,0.103,23.0,0.376,64.52,working_load,0,1,2
24.75,48.85,512.1,0.403,45.38,29,0.149,36.97,0.23,82.06,evening_medium_load,0,4,1
23.46,37.26,937.4,0.676,50.2,75,0.116,27.34,0.023,53.93,working_load,0,1,2
20.98,55.78,892.2,0.67,65.47,95,0.099,47.22,0.27,93.77,working_load,0,1,2
18.81,41.12,717.3,0.607,59.56,78,0.075,36.05,0.116,82.26,working_load,0,1,2
23.53,53.6,609.5,0.337,31.14,43,0.149,32.36,0.064,95.77,evening_medium_load,0,4,1
22.81,47.31,425.1,0.036,15.01,4,0.075,18.41,0.418,75.23,night_low_load,0,4,1
23.53,55.59,864.3,0.691,51.05,107,0.126,44.27,0.153,71.75,working_load,0,1,2
21.43,48.27,1021.0,0.806,64.44,84,0.073,31.06,0.438,78.42,working_load,0,1,2
22.29,47.41,599.9,0.148,48.19,25,0.105,44.56,0.102,92.84,evening_medium_load,0,4,1
22.19,39.74,593.3,0.588,55.36,105,0.148,24.09,0.147,89.11,working_load,0,1,2
20.19,46.57,532.2,0.687,37.06,140,0.086,29.29,0.302,79.3,working_load,0,1,2
21.19,52.32,844.9,0.444,55.17,141,0.164,40.27,0.474,75.0,working_load,0,1,2
23.89,34.73,743.5,0.468,48.93,132,0.14,25.45,0.256,68.29,working_load,0,1,2
21.31,41.76,818.5,0.858,50.73,61,0.065,44.06,0.316,88.47,working_load,0,1,2
